"","id.exposure","SNP","exposure","tissue","beta.exposure","se.exposure","pval.exposure"
"1","gt8qPZ","rs226865","KNOP1","Artery - Aorta",-0.28078234,0.05812297,2.12054028131322e-06
"2","gt8qPZ","rs8044607","KNOP1","Artery - Aorta",0.9580649,0.043508545,7.50495736559484e-66
"3","esv9D3","rs10426401","AC092066.1","Artery - Aorta",-0.20416181,0.039073747,3.16253102516705e-07
"4","OfQ8Dv","rs113201671","CPSF3","Artery - Aorta",-0.14762765,0.032041736,5.91665659472377e-06
"5","A2YnK9","rs11647284","PRSS53","Artery - Aorta",-0.14980714,0.028438466,2.55520454954392e-07
"6","gf4b3s","rs117618017","APH1B","Artery - Aorta",0.35129768,0.047464877,1.22261765032991e-12
"7","GAVTWR","rs12148472","CTSH","Artery - Aorta",-0.6974713,0.05827,1.70431293742193e-27
"8","RoaKWp","rs1225618","ZNF603P","Artery - Aorta",0.92694515,0.048142176,2.96024917298693e-55
"9","ZtDAo0","rs1225715","ZNF165","Artery - Aorta",-0.3646799,0.060768675,5.35136503206827e-09
"10","imGP91","rs1513275","JAZF1-AS1","Artery - Aorta",-0.3484207,0.046914883,1.03813654379884e-12
"11","lNZwP9","rs1736895","ZSCAN26","Artery - Aorta",-0.26781482,0.033636566,3.05152920159173e-14
"12","R27mzp","rs189796619","LACTB","Artery - Aorta",0.2967887,0.03039169,7.25230655453748e-20
"13","Z2DY5N","rs1991556","RP11-259G18.1","Artery - Aorta",0.7021916,0.07965204,8.03729329420305e-17
"14","gvQtsf","rs199523","WNT3","Artery - Aorta",-0.5838712,0.051962107,6.96886966605795e-25
"15","g6KOcb","rs2532387","KANSL1-AS1","Artery - Aorta",1.2426815,0.04408543,2.29425557973595e-88
"16","wJjfrE","rs2532387","LINC02210","Artery - Aorta",1.3570743,0.028620066,5.58957206654689e-146
"17","gseJRA","rs2532424","LRRC37A","Artery - Aorta",0.62404513,0.069781296,3.21865477901219e-17
"18","SnKhYJ","rs2853880","IGHG3","Artery - Aorta",-0.26238227,0.0457877,2.33129095074118e-08
"19","ZS2Ww6","rs2855475","KAT8","Artery - Aorta",0.44913498,0.037697405,2.69898039508019e-27
"20","A6k2TO","rs2919845","CEACAM19","Artery - Aorta",-0.41084528,0.04612515,4.16452347905147e-17
"21","mj0dmJ","rs3132880","SNX31","Artery - Aorta",0.883398,0.0515074,4.18316804752613e-47
"22","aRqKf6","rs34020292","IGHGP","Artery - Aorta",-0.30634937,0.04306441,7.5574522104929e-12
"23","GgxwXA","rs35467921","DOC2A","Artery - Aorta",-0.2387415,0.043808516,1.01540268783342e-07
"24","Rc5brf","rs3796622","SLC26A1","Artery - Aorta",-0.93405247,0.047524378,8.46216153202443e-57
"25","XheSEZ","rs4379692","NDUFS2","Artery - Aorta",-0.19427377,0.039120715,1.11895218130537e-06
"26","SllO22","rs440778","DND1P1","Artery - Aorta",1.2279321,0.059541423,1.58741045436865e-60
"27","3Q8MEF","rs440778","RP11-707O23.1","Artery - Aorta",1.0971513,0.06345558,1.20767011528407e-47
"28","7b2cIS","rs448830","MAPK8IP1P2","Artery - Aorta",1.1568881,0.04933747,3.19485096282878e-71
"29","A3VD94","rs55777955","AC012146.7","Artery - Aorta",-0.7400669,0.08947087,3.69650261238233e-15
"30","LXcCBr","rs56029211","PLEKHA1","Artery - Aorta",-0.23668315,0.029688692,2.84977715853603e-14
"31","TWpKGM","rs56328224","LRRC37A4P","Artery - Aorta",-1.244214,0.042034887,3.02202890327442e-93
"32","i59hA5","rs5848","GRN","Artery - Aorta",-0.29926163,0.031173324,2.53070855717031e-19
"33","eZuVlU","rs60447541","BIN1","Artery - Aorta",0.2815057,0.040257502,1.60411070865762e-11
"34","OgA6n9","rs62071573","RP11-259G18.3","Artery - Aorta",1.2554832,0.047516882,4.1408423012737e-82
"35","iXxl3z","rs6504163","ACE","Artery - Aorta",-0.17548604,0.03491115,8.36187665262402e-07
"36","M3LE1i","rs6903331","RP11-385F7.1","Artery - Aorta",-0.33044344,0.07301542,8.52633154457409e-06
"37","rVm3UU","rs7003694","EPHX2","Artery - Aorta",0.5569747,0.04233008,7.55280205512918e-32
"38","v6HlF0","rs7161739","IGHV2-70","Artery - Aorta",-0.33377984,0.0675308,1.25099885822873e-06
"39","l6txEl","rs7200879","RP11-2C24.7","Artery - Aorta",0.24991909,0.054009404,5.40676226586173e-06
"40","DMoo1C","rs72932588","NBEAL1","Artery - Aorta",-0.72660065,0.039808817,2.24267067507315e-51
"41","5UdzFf","rs72934556","FAM117B","Artery - Aorta",-0.3004893,0.053531587,4.33635297158499e-08
"42","abbCSb","rs7806","CSTF1","Artery - Aorta",-0.16744506,0.029089522,2.03081336721925e-08
"43","6fmh2O","rs79638902","CTB-171A8.1","Artery - Aorta",-1.1479701,0.0776836,5.88107976035925e-38
"44","Wuhz1U","rs8054556","INO80E","Artery - Aorta",-0.38891897,0.028853368,4.78676800655184e-33
"45","zMprWA","rs8067447","CHRNE","Artery - Aorta",1.0746177,0.08186635,9.88090009203665e-32
"46","yfHOLU","rs10418560","ATP8B3","Artery - Coronary",0.40292358,0.0564464,2.5e-11
"47","6acIkP","rs10451283","RP11-259G18.1","Artery - Coronary",0.49586,0.098840825,1.3e-06
"48","zm2NhB","rs1150705","ZNF165","Artery - Coronary",-0.41554546,0.07932995,4.67e-07
"49","YB8Egl","rs12214383","ZSCAN26","Artery - Coronary",0.29089272,0.05475284,3.29e-07
"50","zY3MFO","rs1225618","ZNF603P","Artery - Coronary",0.97721684,0.07239098,7.89e-29
"51","z2ey3l","rs1693591","SNX31","Artery - Coronary",0.8931551,0.06402954,4.04e-30
"52","Ow3OIK","rs17057280","EPHX2","Artery - Coronary",0.4705918,0.07202736,6.91e-10
"53","C9B0Ao","rs1736891","NKAPL","Artery - Coronary",0.32376066,0.070406094,8.19e-06
"54","n3E7rX","rs199524","WNT3","Artery - Coronary",-0.51481843,0.07458581,9.3e-11
"55","Wa28qL","rs199525","IRF2BP1","Artery - Coronary",-0.20864667,0.0428528,2.52e-06
"56","Bm1hFj","rs2532387","RP11-259G18.3","Artery - Coronary",1.2469943,0.06263173,1.28e-46
"57","PbPPBF","rs2532424","LRRC37A","Artery - Coronary",0.72652215,0.086895764,1.98e-14
"58","Ow09E1","rs2534811","HLA-E","Artery - Coronary",0.2283071,0.03831568,1.39e-08
"59","GeiHqg","rs2668709","RP11-707O23.1","Artery - Coronary",1.096087,0.08220634,2.36e-28
"60","P0UEFu","rs34020292","IGHGP","Artery - Coronary",-0.31524637,0.057516802,1.48e-07
"61","PeaGyB","rs34593439","CTSH","Artery - Coronary",-0.5738426,0.06595703,2.52e-15
"62","1vCgpa","rs3751855","STX1B","Artery - Coronary",0.30119658,0.050813865,1.63e-08
"63","1n8IJ6","rs3822020","SLC26A1","Artery - Coronary",-0.94931865,0.049571335,1.32e-44
"64","1cYFJ5","rs3873453","TAP2","Artery - Coronary",-0.29112875,0.05599424,5.6e-07
"65","Z1oP4L","rs4485406","DND1P1","Artery - Coronary",1.275502,0.081274495,4.36e-35
"66","7a0yUM","rs55862039","LACTB","Artery - Coronary",0.32898888,0.052727822,3.27e-09
"67","zvMEPB","rs56261258","CEACAM19","Artery - Coronary",-0.59364676,0.07529859,3.41e-13
"68","fv6Aif","rs56328224","LRRC37A4P","Artery - Coronary",-1.2217336,0.056408606,3.83e-51
"69","2HBKoP","rs62054846","LINC02210","Artery - Coronary",1.2774712,0.046661977,8.87e-65
"70","WREcu3","rs62056841","MAPK8IP1P2","Artery - Coronary",1.2128153,0.073094435,1.31e-37
"71","lJ6vLt","rs7196726","RP11-196G11.2","Artery - Coronary",0.37004995,0.06314316,2.28e-08
"72","vcwiGe","rs72833202","PLD2","Artery - Coronary",0.2979705,0.050235044,1.59e-08
"73","gI2lCc","rs72932707","NBEAL1","Artery - Coronary",-0.56435555,0.06551649,4.27e-15
"74","wqyjzQ","rs74090069","IGHV2-70","Artery - Coronary",-0.41903827,0.08260056,1e-06
"75","TfuEfo","rs75511804","SCIMP","Artery - Coronary",0.31677407,0.06116904,6.16e-07
"76","X3HhtW","rs76692773","NECTIN2","Artery - Coronary",-0.41054896,0.07562509,1.9e-07
"77","3DXuSy","rs77229005","CTB-171A8.1","Artery - Coronary",-1.0951531,0.09154236,2.02e-24
"78","vACmI3","rs8054556","INO80E","Artery - Coronary",-0.34755623,0.051171564,1.71e-10
"79","59EOss","rs8060511","YPEL3","Artery - Coronary",0.301111,0.03510614,5.34e-15
"80","8jRI0E","rs8066138","CHRNE","Artery - Coronary",1.0138427,0.1109491,1.68e-16
"81","ckxV6g","rs8077580","C17orf107","Artery - Coronary",0.7140509,0.08863412,1.23e-13
"82","UrO9RO","rs9269815","HLA-DRB9","Artery - Coronary",0.5792019,0.074305415,5.76e-13
"83","HY7psW","rs9468","KANSL1-AS1","Artery - Coronary",1.205462,0.062427413,4.97e-45
"84","gNdtUd","rs9924663","EARS2","Artery - Coronary",0.3827388,0.05706725,2.71e-10
"85","It7EQA","rs9972727","KAT8","Artery - Coronary",0.3617418,0.052034594,7.07e-11
"86","CDRohp","rs2532423","Metazoa_SRP","Fetal Cortex",-0.8965336,0.13045959,1.03e-10
"87","CDRohp","rs2811495","Metazoa_SRP","Fetal Cortex",-0.6545818,0.07374048,7.26e-16
"88","CDRohp","rs6662850","Metazoa_SRP","Fetal Cortex",-0.5672537,0.11497066,1.84e-06
"89","MqRsIa","rs10281368","CNPY4","Fetal Cortex",0.31028578,0.06297881,1.9e-06
"90","bMEN6D","rs1060544","ZKSCAN1","Fetal Cortex",0.2962255,0.040437296,7.96e-12
"91","0CszZJ","rs11150584","ASPHD1","Fetal Cortex",-0.20648517,0.04457291,6.95e-06
"92","YfF9Dq","rs111976319","LRRC37A17P","Fetal Cortex",-0.6656194,0.12611476,3.77e-07
"93","lYjdAe","rs11540084","PVR","Fetal Cortex",0.20250931,0.04140717,2.24e-06
"94","a0EtSs","rs11576058","B4GALT3","Fetal Cortex",-0.21107014,0.038477875,1.4e-07
"95","KACLzh","rs11878597","APOE","Fetal Cortex",0.35824534,0.055137094,7.93e-10
"96","cR4bMu","rs1225715","ZNF603P","Fetal Cortex",0.9767699,0.08023888,3.41e-25
"97","nV5CAh","rs1233713","ZSCAN26","Fetal Cortex",-0.45405224,0.04654458,2.79e-18
"98","Pchi6I","rs1724390","MAPK8IP1P2","Fetal Cortex",1.6314287,0.08730395,7.88e-44
"99","crKwNK","rs17573447","KANSL1-AS1","Fetal Cortex",1.459306,0.098864034,1.02e-32
"100","BTwkdU","rs17688068","RP11-259G18.3","Fetal Cortex",1.5948291,0.083187304,3.71e-45
"101","0kRmlC","rs2293579","CELF1","Fetal Cortex",-0.27995884,0.050952137,1.34e-07
"102","WGcF9P","rs2532424","LRRC37A","Fetal Cortex",0.70704633,0.09727182,1.1e-11
"103","AHyu0F","rs2950015","RP11-259G18.1","Fetal Cortex",1.4259549,0.13411124,9.37e-21
"104","dsnT6K","rs34130487","STAG3","Fetal Cortex",0.35904753,0.036674824,2.23e-18
"105","oHDSl0","rs369209138","RP11-707O23.1","Fetal Cortex",1.5304145,0.11149924,1.03e-29
"106","I2zUuo","rs369209138","DND1P1","Fetal Cortex",1.4192011,0.09447923,1.8e-33
"107","JCSppC","rs394908","GGA2","Fetal Cortex",-0.26313567,0.046855323,7.41e-08
"108","qJKwfP","rs4147002","USP6NL","Fetal Cortex",0.2550153,0.027579894,7.15e-17
"109","Smg2IG","rs4467218","RP11-521O16.2","Fetal Cortex",0.506196,0.10897249,6.59e-06
"110","tNizP1","rs4627402","LRRC37A4P","Fetal Cortex",-1.4050051,0.070035934,1.47e-47
"111","btxjUp","rs4787488","YPEL3","Fetal Cortex",0.18250275,0.02693489,1.75e-10
"112","8Ri9rF","rs4788190","CTD-2574D22.2","Fetal Cortex",-0.37964308,0.06979594,1.75e-07
"113","gfdhrz","rs56398500","RP11-798G7.6","Fetal Cortex",-0.88741386,0.10632663,1.91e-14
"114","gpO4Hk","rs5848","GRN","Fetal Cortex",-0.23286147,0.05104682,9.42e-06
"115","f3uvyS","rs61941432","RITA1","Fetal Cortex",-0.54014385,0.06368573,8.35e-15
"116","Sx043T","rs62055544","LINC02210","Fetal Cortex",0.6615702,0.06939583,1.16e-17
"117","PGhmWm","rs62055888","MAPT-AS1","Fetal Cortex",-0.41160306,0.07323065,7.24e-08
"118","kB7lyS","rs6990733","EPHX2","Fetal Cortex",0.40368107,0.06510853,3.83e-09
"119","9EoD7C","rs7187995","KAT8","Fetal Cortex",0.37715927,0.0335082,1.54e-22
"120","2nzhuB","rs72792821","ASXL3","Fetal Cortex",0.119608775,0.025689872,6.29e-06
"121","BOtzQA","rs7303491","DDX54","Fetal Cortex",-0.23946682,0.051701482,6.98e-06
"122","bBYEg3","rs7557280","BIN1","Fetal Cortex",-0.5784369,0.06511663,6.98e-16
"123","k4vbJ0","rs9304690","SIGLEC11","Fetal Cortex",0.5554218,0.108945906,8.72e-07
"124","AOqBRF","rs10418560","ATP8B3","Adult Cortex",0.47129676,0.090425715,5.52e-07
"125","jgqYPo","rs11074563","EARS2","Adult Cortex",0.71166176,0.060183387,9.26e-24
"126","ve8CvL","rs112568446","ZNF45","Adult Cortex",-0.58149105,0.10417063,9.58e-08
"127","GwgGyF","rs1150694","ZNF603P","Adult Cortex",1.1067957,0.055218663,4.5e-46
"128","2ZJa6P","rs11540084","PVR","Adult Cortex",0.31535208,0.05568287,6.45e-08
"129","G6AGuw","rs11640957","RP11-196G11.2","Adult Cortex",0.32752296,0.051511377,1.92e-09
"130","warJ3Q","rs11640957","STX4","Adult Cortex",-0.2073314,0.043255664,3.64e-06
"131","uLAXa4","rs1233696","ZNF192P2","Adult Cortex",-0.6300893,0.06923506,2.83e-16
"132","usbO7j","rs13270641","NDUFAF6","Adult Cortex",0.27682146,0.048890926,6.5e-08
"133","slMtXu","rs13408","ZSCAN26","Adult Cortex",-0.45337686,0.042041328,7.36e-21
"134","0VIWnb","rs1472631","LACTB","Adult Cortex",0.39086363,0.05939392,5.93e-10
"135","zyCR3o","rs2241545","GALNT6","Adult Cortex",-0.4533735,0.05302464,7.98e-15
"136","b2eLeg","rs35302878","BTNL2","Adult Cortex",0.7321425,0.14278682,8.15e-07
"137","c1hrru","rs3779046","STAG3","Adult Cortex",0.48166877,0.05334862,4.39e-16
"138","Q09F41","rs4788203","INO80E","Adult Cortex",-0.32204956,0.04633391,8.04e-11
"139","aokP2C","rs4968783","ACE","Adult Cortex",-0.30990744,0.05680925,1.76e-07
"140","7mAc76","rs61943562","RITA1","Adult Cortex",-0.48045316,0.057415362,2.37e-14
"141","OkBk8U","rs7008207","EPHX2","Adult Cortex",0.2456277,0.047539808,6.8e-07
"142","3IxE4L","rs714948","CEACAM19","Adult Cortex",-0.5855549,0.0773764,2.54e-12
"143","yjUadr","rs7187995","KAT8","Adult Cortex",0.46119434,0.04549477,4.46e-19
"144","vtaHEE","rs72934545","ICA1L","Adult Cortex",-0.26374295,0.046898697,7.83e-08
"145","jsRzd0","rs73976308","AC012146.7","Adult Cortex",-0.58756095,0.104710795,8.32e-08
"146","k3321j","rs74504435","EGFR","Adult Cortex",-0.46939683,0.058824368,2.35e-13
"147","7ZUOgK","rs7515905","CR1","Adult Cortex",-0.6394118,0.09800297,8.01e-10
"148","L0yCqS","rs77692262","LINC02210","Adult Cortex",0.61541164,0.044133488,1.06e-29
"149","BVvhhn","rs79638902","CTB-171A8.1","Adult Cortex",-1.2363847,0.07813836,6.64e-35
"150","jQHu2U","rs8103552","SIGLEC11","Adult Cortex",0.48363882,0.08981343,2.46e-07
"151","bGyvOH","rs853684","ZSCAN31","Adult Cortex",0.8834529,0.06824727,6.7e-27
"152","YQmxQZ","rs9271225","HLA-DRB1","Adult Cortex",-0.51551944,0.05686264,3.5e-16
"153","SgKppL","rs12524487","Y_RNA","Lung",0.79255766,0.10460358,2.07e-13
"154","SgKppL","rs9295993","Y_RNA","Lung",-0.542524,0.058445886,7.31e-19
"155","qWm90S","rs1059510","HLA-E","Lung",0.09109234,0.01908238,2.46e-06
"156","VwK5XW","rs11074563","EARS2","Lung",0.24520695,0.024838338,6.45e-21
"157","DDBsqN","rs11200595","PLEKHA1","Lung",-0.12549476,0.019792119,5.63e-10
"158","0vYqHr","rs11540084","PVR","Lung",0.19465333,0.023814917,3.14e-15
"159","Tgc5Vh","rs115600411","NBEAL1","Lung",-0.2508996,0.034775548,2.34e-12
"160","sFfxWt","rs11769559","EPHA1-AS1","Lung",0.3858882,0.044400886,6.94e-17
"161","fr1cXX","rs12224672","CELF1","Lung",-0.12041612,0.022917792,2.31e-07
"162","KReaw2","rs1233696","ZNF603P","Lung",0.7100565,0.04783639,8.92e-41
"163","XCscrn","rs12445768","YPEL3","Lung",0.28938434,0.018469343,2.22e-44
"164","wdx9Br","rs12445768","TBX6","Lung",0.3177565,0.0352365,5.75e-18
"165","p5orys","rs12449782","KCNH6","Lung",0.68661356,0.038470306,3.94e-54
"166","gM0Pd6","rs13033880","RP11-214N9.1","Lung",0.2892302,0.060332995,2.23e-06
"167","DZjG1v","rs17057043","PTK2B","Lung",0.123107724,0.024184152,5.28e-07
"168","yJuzW2","rs17057280","EPHX2","Lung",0.4650593,0.039058678,1.44e-28
"169","leFHk4","rs17258843","CD55","Lung",0.17180388,0.027308661,7.54e-10
"170","T7yjCa","rs17633650","INCA1","Lung",0.24671255,0.049717214,9.94e-07
"171","1pcd4o","rs17708638","PRSS36","Lung",-0.33821213,0.032175176,3.11e-23
"172","rWuxeF","rs1981549","AZGP1","Lung",-0.2220028,0.037907947,9.2e-09
"173","HZVtfe","rs199523","WNT3","Lung",-0.37702155,0.033704862,9.12e-26
"174","ynttSa","rs2070901","FCER1G","Lung",0.14512856,0.020545045,6.28e-12
"175","bfbjeg","rs2289702","CTSH","Lung",-0.4501093,0.03471064,7.61e-33
"176","ymgQCu","rs2293479","TAF6","Lung",-0.11276779,0.023896853,3.18e-06
"177","3kTGlj","rs2394049","ZSCAN26","Lung",-0.17023201,0.017884875,1.13e-19
"178","6hroED","rs250435","OTULIN","Lung",-0.20022765,0.03771647,1.75e-07
"179","A0s682","rs2668645","MAPK8IP1P1","Lung",1.1323825,0.042566776,5.15e-94
"180","cqjv64","rs2696566","KANSL1-AS1","Lung",1.2737764,0.0414647,4.91e-112
"181","jGelNc","rs2722258","NME8","Lung",-0.35642043,0.047119886,2.26e-13
"182","6S669x","rs28366316","HLA-DRB1","Lung",-0.5039363,0.026160117,1.4e-60
"183","LjseHe","rs34649473","ZNF668","Lung",0.17546402,0.034924824,7.34e-07
"184","HPQ7LF","rs3814878","DOC2A","Lung",-0.11325936,0.023070004,1.28e-06
"185","iAyXup","rs3822020","SLC26A1","Lung",-0.8299733,0.029093197,1.54e-102
"186","xv9Xfp","rs4311","DCAF7","Lung",0.18295056,0.024924498,1.02e-12
"187","xGyka8","rs4325","ACE","Lung",0.3396874,0.029318586,2.61e-27
"188","NEsLY3","rs4787491","INO80E","Lung",-0.37927178,0.025370069,3.09e-41
"189","TYEvJQ","rs4788204","TMEM219","Lung",-0.11003788,0.021402773,4.1e-07
"190","V9F6Jz","rs4803779","APOE","Lung",0.22585894,0.03463647,1.9e-10
"191","DwhDVv","rs55881134","RP11-259G18.1","Lung",0.3560196,0.06411744,4.85e-08
"192","OqS3eo","rs55997709","RITA1","Lung",-0.2686133,0.041249406,2.01e-10
"193","73XDYu","rs56168933","PLEKHM1","Lung",0.28250855,0.034283467,1.94e-15
"194","a1t09A","rs594591","MAPK8IP1P2","Lung",1.176647,0.04537132,5.1e-91
"195","8hlqau","rs61739244","LILRB1","Lung",-0.43264297,0.06395242,4.21e-11
"196","sBNdO6","rs62071573","RP11-259G18.3","Lung",1.2826462,0.046363696,9.75e-99
"197","lCRey4","rs6509208","EXOC3L2","Lung",0.24632993,0.043380328,2.46e-08
"198","TTSGFu","rs6709380","INPP5D","Lung",-0.09504207,0.018132895,2.47e-07
"199","LT4Xi2","rs6983948","NDUFAF6","Lung",0.16016154,0.029274821,7.48e-08
"200","LvmxMT","rs714948","CEACAM19","Lung",-0.36057177,0.045199733,1.28e-14
"201","jIaYUd","rs7162825","LACTB","Lung",0.29528347,0.027835578,1.37e-23
"202","56WK3f","rs7164156","SNX22","Lung",0.37216964,0.0418748,1.56e-17
"203","ptRsHF","rs7176404","FAM96A","Lung",0.13768488,0.022789264,3.23e-09
"204","lQrsbl","rs7187995","KAT8","Lung",0.31165996,0.025630161,1.43e-29
"205","i2d8yw","rs7210219","MAPT","Lung",0.5922985,0.043698806,2.8e-35
"206","JA9geV","rs7254723","APOC2","Lung",-0.5244823,0.039541,4.52e-34
"207","XrclQn","rs72835039","C17orf107","Lung",0.62866,0.05596718,6.05e-26
"208","slbhBo","rs75763893","APH1B","Lung",0.39579406,0.04175205,1.54e-19
"209","403KpL","rs76753015","CHRNE","Lung",1.2052828,0.05916463,1.17e-65
"210","Y2JXZl","rs78929339","LINC02210","Lung",1.2194514,0.027208874,4.44e-167
"211","10fOiZ","rs79638902","CTB-171A8.1","Lung",-1.4188913,0.048928052,1.33e-104
"212","Mhun2B","rs8048433","KCTD13","Lung",0.1486584,0.02930173,5.75e-07
"213","SbRrqq","rs9271418","HLA-DRB9","Lung",0.8146224,0.04380689,1.57e-57
"214","1i3P2V","rs9367279","RP11-385F7.1","Lung",-0.3391698,0.0457734,6.42e-13
"215","9XStRP","rs10051317","ZBTB20","Liver",-0.44588774,0.093362674,3.88e-06
"216","9XStRP","rs1155530","ZBTB20","Liver",0.38963255,0.075225174,6.31e-07
"217","9XStRP","rs452792","ZBTB20","Liver",-0.28486824,0.06062253,5.41e-06
"218","9XStRP","rs7386405","ZBTB20","Liver",0.37145385,0.079533495,6.13e-06
"219","6io9t6","rs10218497","TUFT1","Liver",0.33006734,0.07071214,6.2e-06
"220","MiHZEk","rs10416261","APOC2","Liver",0.24602263,0.051578112,3.98e-06
"221","0jy2fL","rs111511018","MAPK8IP1P2","Liver",1.2578692,0.05947957,3.19e-49
"222","tDy1EQ","rs11186029","RP11-137H2.4","Liver",-0.6555475,0.094888695,9.67e-11
"223","zYanUK","rs111985258","RP11-669E14.4","Liver",-0.6299471,0.043676402,3.33e-31
"224","mp0FFN","rs112350552","AC012146.7","Liver",-0.847395,0.10525024,1.43e-13
"225","MioZOp","rs12597511","RP11-196G11.6","Liver",0.5104734,0.080642745,2.15e-09
"226","YIbZgg","rs13032148","BIN1","Liver",-0.25651872,0.04864075,4.07e-07
"227","H7LtcE","rs142037837","IGHV2-70","Liver",-0.519092,0.085567884,8.4e-09
"228","COCWRW","rs1569960","SIRPB1","Liver",0.5714786,0.0653498,2.24e-15
"229","7uIkny","rs17571739","MAPK8IP1P1","Liver",1.079408,0.068391286,5.31e-35
"230","LoZnQT","rs199530","LINC02210","Liver",0.32223815,0.06115889,4.16e-07
"231","kruVgY","rs34739559","LRRC37A4P","Liver",-1.1132631,0.06477257,7.42e-39
"232","ttpUmR","rs440277","NECTIN2","Liver",-0.6785752,0.04422315,8.78e-34
"233","mv84mh","rs4468641","ZNF646","Liver",0.3151952,0.045062248,6.02e-11
"234","hKQNPq","rs4527034","KAT8","Liver",0.31605804,0.04918868,1.3e-09
"235","UDMGCQ","rs4787491","INO80E","Liver",-0.33071548,0.044041067,3.34e-12
"236","lnJXji","rs55974014","DND1P1","Liver",1.3273224,0.07240971,6.25e-42
"237","4cvUZV","rs56198711","CTB-171A8.1","Liver",-0.79404914,0.079263106,8.17e-19
"238","raDqaR","rs56813533","RP11-196G11.3","Liver",-0.7365584,0.07578405,5.38e-18
"239","wDZwMb","rs56813533","PRSS53","Liver",-0.68411034,0.044606604,9.23e-34
"240","bUi31Y","rs57204168","APOC4","Liver",0.31380072,0.0476871,5.72e-10
"241","S1pWlk","rs62055697","RP11-707O23.1","Liver",1.243592,0.07288313,1.62e-38
"242","SLFTUz","rs6565217","RP11-196G11.2","Liver",0.2784743,0.0524703,3.48e-07
"243","kisTUZ","rs7210219","MAPT-IT1","Liver",-0.4343714,0.060859483,2.73e-11
"244","Rw3UD3","rs74862042","CEACAM22P","Liver",0.44014066,0.08708382,1.12e-06
"245","TWOKek","rs74862042","CEACAM19","Liver",-0.35004768,0.063943714,1.58e-07
"246","CMnOhO","rs9271375","HLA-DQA2","Liver",0.44579875,0.095278814,5.91e-06
"247","pCImIA","rs9468","KANSL1-AS1","Liver",1.223213,0.05582789,4.01e-51
"248","2Qngjc","rs9468","RP11-259G18.3","Liver",1.2543515,0.052657753,9.56e-56
"249","LzAJzW","rs9796794","VKORC1","Liver",-0.9731973,0.04467378,8.21e-51
"250","atDC4a","rs1061179","SIRPB1","Skin - Unexposed",0.4896436,0.09027253,9.56e-08
"251","atDC4a","rs112203261","SIRPB1","Skin - Unexposed",1.1211185,0.033536006,1.11e-123
"252","wXdMFo","rs2471737","MAPT","Skin - Unexposed",0.26930606,0.039495345,2.99e-11
"253","wXdMFo","rs55938136","MAPT","Skin - Unexposed",0.2929305,0.047990814,2.25e-09
"254","ylJaZO","rs2858882","HLA-DOB","Skin - Unexposed",-0.31646356,0.055345118,1.97e-08
"255","ylJaZO","rs6457681","HLA-DOB","Skin - Unexposed",0.8739439,0.059623014,5.28e-40
"256","YH44PD","rs3117124","HLA-DRB6","Skin - Unexposed",0.5503561,0.0659078,8.61e-16
"257","YH44PD","rs75928817","HLA-DRB6","Skin - Unexposed",1.0299197,0.046269134,2.04e-74
"258","4fRKC7","rs55938136","ARHGAP27","Skin - Unexposed",0.38809684,0.028818237,6.14e-35
"259","4fRKC7","rs7209501","ARHGAP27","Skin - Unexposed",0.45516485,0.029245151,5.9e-44
"260","tqZV3S","rs10088244","GULOP","Skin - Unexposed",-0.35425407,0.050368935,7.61e-12
"261","cKn5Th","rs11074563","EARS2","Skin - Unexposed",0.35859576,0.033926003,1.85e-23
"262","MxWASr","rs113417378","RP11-259G18.3","Skin - Unexposed",1.2840633,0.041613914,8.02e-113
"263","7l8hE0","rs1150705","ZSCAN9","Skin - Unexposed",-0.28215438,0.036567975,7.91e-14
"264","e5sa5y","rs11540084","AC092066.1","Skin - Unexposed",0.35447505,0.052372143,4.1e-11
"265","071GY8","rs11585858","B4GALT3","Skin - Unexposed",-0.13510127,0.027967213,1.87e-06
"266","JzbRbB","rs11691132","CPSF3","Skin - Unexposed",-0.31790325,0.039614003,9.03e-15
"267","EjsnaY","rs117618017","APH1B","Skin - Unexposed",0.32830006,0.03593667,2.28e-18
"268","aLgEkz","rs12214383","ZSCAN26","Skin - Unexposed",0.28876504,0.023689687,1.05e-29
"269","5TB04j","rs12548874","TP53INP1","Skin - Unexposed",0.2022576,0.02591575,4.27e-14
"270","jYtp6M","rs12577643","NUP160","Skin - Unexposed",-0.14715481,0.02977987,1.1e-06
"271","LQPhvA","rs13336592","TRIM72","Skin - Unexposed",-0.24799933,0.052846733,3.59e-06
"272","3pR5c4","rs1549299","PRSS36","Skin - Unexposed",-0.20516479,0.032268286,5.05e-10
"273","ovJl8I","rs17217052","CD2AP","Skin - Unexposed",-0.09939764,0.019005489,2.61e-07
"274","Yt7QtO","rs1890578","MAT1A","Skin - Unexposed",-0.75959325,0.038460825,7.07e-63
"275","C1pZ2x","rs1963304","STAG3","Skin - Unexposed",-0.19854295,0.03987886,9.16e-07
"276","FcBaS3","rs1991556","RP11-259G18.1","Skin - Unexposed",0.74606663,0.05328476,3.42e-37
"277","1rdKti","rs204478","CLPTM1","Skin - Unexposed",-0.16221114,0.028072767,1.42e-08
"278","p9sMqU","rs2070901","FCER1G","Skin - Unexposed",0.1481229,0.027098956,7.67e-08
"279","aa1r0x","rs2405440","GAL3ST4","Skin - Unexposed",-0.12424684,0.016907731,9.6e-13
"280","1EkTRl","rs241029","RP11-707O23.1","Skin - Unexposed",1.1339298,0.05377391,5.02e-69
"281","CD2XLI","rs241039","LRRC37A4P","Skin - Unexposed",-1.1972755,0.03143274,1.93e-142
"282","wolZ1u","rs3796622","SLC26A1","Skin - Unexposed",-0.7349271,0.027629513,3.79e-94
"283","dwwUQC","rs3814880","INO80E","Skin - Unexposed",-0.3771668,0.029261159,1.52e-32
"284","QJ2CyJ","rs4311","ACE","Skin - Unexposed",-0.1599232,0.026324484,2.65e-09
"285","pzdJay","rs4383188","LINC02210","Skin - Unexposed",1.1993939,0.024122342,2.95e-184
"286","nxnr2h","rs439558","CTB-39G8.3","Skin - Unexposed",0.24449453,0.04164538,8.46e-09
"287","kHTvev","rs4527034","KAT8","Skin - Unexposed",0.40487725,0.023667067,7.8e-51
"288","8hTc2S","rs5157","APOC2","Skin - Unexposed",0.31360534,0.05107301,1.82e-09
"289","29PyHA","rs56152541","AC012146.7","Skin - Unexposed",-0.7846455,0.078612566,2.58e-21
"290","Xuzv0w","rs5911","FAM171A2","Skin - Unexposed",0.22574806,0.038533032,9.07e-09
"291","7xXA0L","rs62060793","KANSL1-AS1","Skin - Unexposed",1.3084273,0.03914723,1.19e-123
"292","itTJlg","rs62063777","DND1P1","Skin - Unexposed",1.2535183,0.04620153,1.59e-96
"293","Rou6zD","rs72932572","NBEAL1","Skin - Unexposed",-0.36505204,0.038647834,1.98e-19
"294","1UlKad","rs72932727","ICA1L","Skin - Unexposed",0.36158127,0.040215824,6.98e-18
"295","rvxH3R","rs73530179","RP11-455F5.3","Skin - Unexposed",0.41595247,0.048433047,1.48e-16
"296","4jZPtO","rs74398257","MAPK8IP1P2","Skin - Unexposed",1.2183203,0.039927423,2.39e-111
"297","3VSYJy","rs74574706","CHRNE","Skin - Unexposed",0.93239266,0.05306052,6.19e-53
"298","9yIVVW","rs7740538","ADGRF2","Skin - Unexposed",0.24876879,0.029429432,4.05e-16
"299","5kB8Nj","rs7811662","C7orf43","Skin - Unexposed",-0.15178184,0.024840616,2.17e-09
"300","97VI5R","rs79638902","CTB-171A8.1","Skin - Unexposed",-1.2464832,0.05996604,1.21e-67
"301","lee7sx","rs8077447","C17orf107","Skin - Unexposed",0.50137216,0.06149202,3.6e-15
"302","B2Afge","rs9270505","HLA-DQA2","Skin - Unexposed",0.2269909,0.05054963,9.06e-06
"303","kq29Jk","rs9369693","RP11-385F7.1","Skin - Unexposed",-0.26839852,0.059125245,7.26e-06
"304","JcHiFi","rs9468","MAPK8IP1P1","Skin - Unexposed",1.1803857,0.038931582,1.63e-110
"305","XAzTlE","rs9640385","AC093673.5","Skin - Unexposed",-0.18119287,0.037095398,1.45e-06
"306","5AJeBB","rs1061179","SIRPB1","Skin - Exposed",0.5320574,0.089045145,4.2e-09
"307","5AJeBB","rs112203261","SIRPB1","Skin - Exposed",1.1507217,0.031142075,2.27e-149
"308","aeCGMK","rs10892852","C6orf106","Skin - Exposed",-0.090302974,0.017884437,6.09e-07
"309","aeCGMK","rs112563428","C6orf106","Skin - Exposed",0.20790003,0.023183297,5.08e-18
"310","LX3wV9","rs11723654","IDUA","Skin - Exposed",0.107825965,0.02111653,4.58e-07
"311","LX3wV9","rs11724804","IDUA","Skin - Exposed",0.15748179,0.021280633,5.3e-13
"312","EcqvVz","rs12316391","GALNT6","Skin - Exposed",-0.21839944,0.034725618,6.63e-10
"313","EcqvVz","rs2241545","GALNT6","Skin - Exposed",-0.12935606,0.028024718,4.91e-06
"314","Ecamn0","rs369599","CTB-171A8.1","Skin - Exposed",-0.23867673,0.052661203,7.2e-06
"315","Ecamn0","rs79638902","CTB-171A8.1","Skin - Exposed",-1.2875899,0.048935074,1.58e-98
"316","okGZfR","rs6457681","HLA-DOB","Skin - Exposed",0.9653031,0.050543893,2.19e-62
"317","okGZfR","rs9276197","HLA-DOB","Skin - Exposed",-0.34838378,0.051235657,2.81e-11
"318","txfwK9","rs7207306","MIEF2","Skin - Exposed",0.120513864,0.026793815,8.43e-06
"319","txfwK9","rs72831943","MIEF2","Skin - Exposed",-0.26411432,0.03686295,2.6e-12
"320","8H3C8z","rs11074563","EARS2","Skin - Exposed",0.28849706,0.029411031,5.35e-21
"321","QifcN7","rs117618017","APH1B","Skin - Exposed",0.39079544,0.031007776,4.5e-32
"322","uq9plZ","rs11787077","CLU","Skin - Exposed",0.16261962,0.025376042,3.23e-10
"323","wn8pEQ","rs12445982","INO80E","Skin - Exposed",-0.355108,0.027387168,1.26e-33
"324","qxuh2H","rs12716981","ZNF668","Skin - Exposed",0.17554821,0.02970978,6.14e-09
"325","Aclzhd","rs1441586","MS4A2","Skin - Exposed",0.15571676,0.025922991,3.5e-09
"326","SDgocp","rs17236194","ADAM10","Skin - Exposed",0.37920636,0.03731036,2.63e-22
"327","rXvquA","rs1736891","ZSCAN9","Skin - Exposed",-0.26262212,0.035409573,4.74e-13
"328","m0L2Di","rs1736895","ZSCAN26","Skin - Exposed",-0.25855234,0.025667075,5.7e-22
"329","VxJYte","rs17572147","RP11-259G18.1","Skin - Exposed",0.79384875,0.0499153,6.4e-47
"330","bnGhLK","rs189796619","LACTB","Skin - Exposed",0.12342114,0.022946745,1.12e-07
"331","i7ZVrV","rs204478","CLPTM1","Skin - Exposed",-0.1275355,0.01890532,3.96e-11
"332","5vOsAK","rs2070902","FCER1G","Skin - Exposed",0.20202407,0.022399815,3.38e-18
"333","cBP3Ts","rs213240","ZKSCAN3","Skin - Exposed",-0.2870849,0.0286203,8.19e-22
"334","AR2xHD","rs2301275","PVR","Skin - Exposed",0.47239846,0.034842484,3.31e-36
"335","kcDwC2","rs2342812","MAT1A","Skin - Exposed",-0.5169131,0.034433644,9.17e-43
"336","U8weQk","rs241029","RP11-707O23.1","Skin - Exposed",1.0886042,0.051081896,2.03e-73
"337","f3TKOg","rs241039","LRRC37A4P","Skin - Exposed",-1.2091953,0.02994027,1.38e-164
"338","UpSFWQ","rs2927477","BCAM","Skin - Exposed",0.22998092,0.037991248,2.67e-09
"339","VpX8Yb","rs2950015","KANSL1-AS1","Skin - Exposed",1.3023187,0.037760306,4.42e-138
"340","7Uqp3C","rs2950518","GAL3ST4","Skin - Exposed",0.120229326,0.015016978,7.41e-15
"341","n3xkiu","rs3132880","SNX31","Skin - Exposed",0.29781336,0.048977587,2.28e-09
"342","z5xCtx","rs34101249","FAM157C","Skin - Exposed",-0.37202257,0.08256268,8.12e-06
"343","dxcVRe","rs3740688","MADD","Skin - Exposed",-0.10466683,0.018691324,3.44e-08
"344","K8DsPh","rs3785884","MAPT","Skin - Exposed",0.50087374,0.048902232,1.33e-22
"345","PjZx2v","rs3800951","GPC2","Skin - Exposed",-0.20679896,0.021889847,1.07e-19
"346","JFrjYo","rs3822020","SLC26A1","Skin - Exposed",-0.7491775,0.028891606,1.27e-96
"347","itE0DO","rs4292","ACE","Skin - Exposed",-0.18125637,0.021951701,1.18e-15
"348","bZVEqx","rs4379692","NDUFS2","Skin - Exposed",-0.15319815,0.023092179,8.01e-11
"349","qJuX9V","rs4527034","KAT8","Skin - Exposed",0.45032763,0.024248954,8.72e-60
"350","cSxlNb","rs4807455","CNN2","Skin - Exposed",0.19976325,0.030215804,9.24e-11
"351","NQqb7U","rs55709241","DND1P1","Skin - Exposed",1.2810031,0.04328468,9.74e-115
"352","Qkq4Qu","rs55730055","CEACAM22P","Skin - Exposed",0.30209804,0.06737664,8.98e-06
"353","VDt45N","rs55974014","MAPK8IP1P2","Skin - Exposed",1.2368599,0.040018275,4.17e-121
"354","ICL8th","rs56130210","IAH1","Skin - Exposed",0.24981426,0.031180982,7.12e-15
"355","yBinLy","rs56328224","LINC02210","Skin - Exposed",1.1668591,0.021626744,1e-200
"356","2ymbcn","rs57434408","ZNF646","Skin - Exposed",0.23723693,0.021519396,1.31e-25
"357","0iHrGY","rs6014718","CSTF1","Skin - Exposed",-0.10339979,0.021225499,1.46e-06
"358","SGRll2","rs60996860","PRSS36","Skin - Exposed",0.15654267,0.035072148,9.84e-06
"359","SmkJj0","rs62065396","ARHGAP27","Skin - Exposed",0.50595653,0.03212732,3.44e-46
"360","rPhDtX","rs6779","B4GALT3","Skin - Exposed",-0.17225273,0.02563516,4.68e-11
"361","AjliXX","rs6904933","ADGRF2","Skin - Exposed",0.15410528,0.026966225,1.83e-08
"362","upVJpM","rs726816","NDUFAF6","Skin - Exposed",0.16106209,0.025411492,4.94e-10
"363","ccSQ4g","rs72835074","RNF167","Skin - Exposed",0.09787802,0.021504452,6.6e-06
"364","JlvHoo","rs72932753","ICA1L","Skin - Exposed",0.24838854,0.03399924,1.01e-12
"365","z3GiD5","rs73984689","RP11-259G18.3","Skin - Exposed",1.2872257,0.038251527,3.61e-134
"366","deL0et","rs75928817","HLA-DRB6","Skin - Exposed",0.98637867,0.04158536,1.57e-85
"367","V0JZ2P","rs8066138","CHRNE","Skin - Exposed",0.9635315,0.047983266,2.9e-67
"368","I9DE8d","rs8112710","MARK4","Skin - Exposed",-0.093818285,0.015294783,1.67e-09
"369","CsZS4Q","rs9270505","HLA-DQA2","Skin - Exposed",0.31813565,0.050153244,4.79e-10
"370","HnTUpC","rs9369695","RP11-385F7.1","Skin - Exposed",-0.35746786,0.055604696,2.85e-10
"371","bKa0hx","rs9468","MAPK8IP1P1","Skin - Exposed",1.151749,0.037520133,4.33e-120
"372","drTDhp","rs9912287","WDR81","Skin - Exposed",-0.0997796,0.021211388,3.25e-06
"373","1Gxxbi","rs9932193","RP11-455F5.3","Skin - Exposed",0.33064747,0.040860835,3.97e-15
"374","h8QQy2","rs3117138","HLA-DRB6","Whole Blood",0.2564678,0.049981106,3.89e-07
"375","h8QQy2","rs75928817","HLA-DRB6","Whole Blood",0.829607,0.03450408,5.72e-90
"376","N2gP70","rs1054697","AC012146.7","Whole Blood",-0.38136783,0.053542703,3.04e-12
"377","eV0d15","rs1071803","IGHG1","Whole Blood",-0.09347374,0.020044897,3.84e-06
"378","ygR7kX","rs111413387","LINC02210","Whole Blood",0.59329176,0.021242406,1.29e-110
"379","UlVugF","rs111676341","LRRC37A","Whole Blood",0.46854696,0.058662973,7.08e-15
"380","K8SPEx","rs11186029","RP11-137H2.4","Whole Blood",-0.62127775,0.048485048,2.13e-33
"381","QOTME9","rs11505848","ZSCAN21","Whole Blood",-0.27669996,0.04141995,5.45e-11
"382","snUA51","rs1150690","ZNF192P1","Whole Blood",0.24642782,0.047200624,2.46e-07
"383","rGhdwy","rs115400054","CARF","Whole Blood",-0.16360283,0.03569456,5.57e-06
"384","j6kD3u","rs11694743","BIN1","Whole Blood",0.21467876,0.0162312,3.16e-35
"385","9MVNSv","rs117618017","APH1B","Whole Blood",0.12521626,0.02462615,4.93e-07
"386","Oqmnnz","rs11769559","TAS2R60","Whole Blood",0.6786597,0.03792071,1.02e-57
"387","4p1aXR","rs11769559","EPHA1-AS1","Whole Blood",0.9666408,0.03732381,7.56e-100
"388","h1YC4V","rs11865499","RP11-196G11.5","Whole Blood",-0.12455242,0.023954684,2.74e-07
"389","bVG7Qo","rs12214383","ZSCAN26","Whole Blood",0.15472023,0.024686014,7.01e-10
"390","WlDeb4","rs12590744","STYX","Whole Blood",0.1149124,0.025177484,6.09e-06
"391","XMSfYO","rs1567238","RNF167","Whole Blood",0.13974595,0.01958083,2.77e-12
"392","P5XqVL","rs1618851","GAL3ST4","Whole Blood",-0.13981658,0.030269861,4.72e-06
"393","7WLk6Y","rs17783630","SLC24A4","Whole Blood",-0.22154737,0.02391034,3.43e-19
"394","793ybp","rs199498","WNT3","Whole Blood",0.24968906,0.05525371,7.49e-06
"395","P6WWy6","rs2015470","IGHV1-58","Whole Blood",-0.21476896,0.04296691,7.59e-07
"396","ofgOdX","rs2028338","PICALM","Whole Blood",0.057703167,0.011831897,1.38e-06
"397","Jf1HLQ","rs2070901","FCER1G","Whole Blood",0.18150984,0.011803878,3.14e-45
"398","6P2pyD","rs2141160","CNPY4","Whole Blood",0.16186935,0.02934207,5.14e-08
"399","fUHiAH","rs2232514","IQCD","Whole Blood",0.5137934,0.10472077,1.2e-06
"400","ds1Z6t","rs2288004","ZNF668","Whole Blood",0.30379686,0.030776888,2.14e-21
"401","NRoA9h","rs2289702","CTSH","Whole Blood",-0.6540961,0.040509,5.71e-49
"402","a2up29","rs241021","ARL17A","Whole Blood",0.28325662,0.060671013,3.74e-06
"403","Luf9Zg","rs250435","OTULIN","Whole Blood",-0.44157767,0.034097582,5.32e-34
"404","4cr4Nh","rs2696673","RP11-259G18.3","Whole Blood",1.2877256,0.03472161,2.17e-157
"405","CAlcnv","rs2722242","NME8","Whole Blood",-0.2796066,0.025046784,2.01e-26
"406","dk5njq","rs2732713","KANSL1-AS1","Whole Blood",1.271294,0.035091013,3.62e-153
"407","yKiSlT","rs28371597","RP11-357P18.2","Whole Blood",0.16532029,0.03649732,7.13e-06
"408","odkQWy","rs28725459","KAT8","Whole Blood",0.08565446,0.014221246,2.99e-09
"409","SG3RJ2","rs28834970","PTK2B","Whole Blood",0.123565145,0.014483303,1.18e-16
"410","lN1wi7","rs3130240","HLA-E","Whole Blood",0.07840372,0.0153375,4.29e-07
"411","MB2tkv","rs3796622","SLC26A1","Whole Blood",-0.46554595,0.029698927,1.14e-46
"412","8bQFjD","rs4456560","RP11-333E1.1","Whole Blood",0.34107527,0.061938643,5.43e-08
"413","1WnO3K","rs4729578","LAMTOR4","Whole Blood",0.09483374,0.015573174,2.02e-09
"414","370O2M","rs4775633","LACTB","Whole Blood",0.14448656,0.015522447,2.42e-19
"415","0e1CdV","rs59643748","FAM213A","Whole Blood",0.27578223,0.029604312,2.28e-19
"416","SJSEY2","rs6014722","CSTF1","Whole Blood",-0.18313734,0.040768642,8.46e-06
"417","HkShKM","rs6014722","CASS4","Whole Blood",-0.2524118,0.030882156,1.79e-15
"418","IjJ0uB","rs61941432","RITA1","Whole Blood",-0.332134,0.04627402,2.1e-12
"419","1PCKMA","rs636147","MS4A6A","Whole Blood",0.1320314,0.013943753,6.4e-20
"420","hGglxQ","rs650927","LRRC37A4P","Whole Blood",-1.1858747,0.026472408,1.53e-193
"421","vz7zWA","rs6715767","INPP5D","Whole Blood",-0.17186102,0.020638743,5.63e-16
"422","cXeUev","rs681485","MAPK8IP1P2","Whole Blood",1.216896,0.034545757,3.45e-148
"423","Gb8FTU","rs714948","CEACAM19","Whole Blood",-0.41158637,0.057993907,3.61e-12
"424","iS9xGl","rs7187995","VKORC1","Whole Blood",-0.11760861,0.01877518,7.16e-10
"425","1SnwV6","rs7187995","RP11-196G11.4","Whole Blood",0.12315521,0.02543682,1.64e-06
"426","JOukDh","rs72833202","PLD2","Whole Blood",0.6315889,0.0390192,3.65e-49
"427","sT2fPB","rs76101349","KIF1C","Whole Blood",0.2908149,0.04976964,8.4e-09
"428","2yN3kI","rs79436576","C17orf107","Whole Blood",0.5672092,0.046846684,2.41e-30
"429","mmaWSk","rs79436576","CHRNE","Whole Blood",0.8138369,0.056639567,1.89e-40
"430","VoBZeu","rs8047803","RP11-196G11.2","Whole Blood",0.33167976,0.025894811,2.24e-33
"431","Cl9nJW","rs8054556","INO80E","Whole Blood",-0.18953079,0.021730924,2.69e-17
"432","hBHpXS","rs8060511","RP11-455F5.3","Whole Blood",0.19966297,0.022423534,6.36e-18
"433","lQqdYd","rs8070723","PLEKHM1","Whole Blood",-0.06937421,0.014656099,2.76e-06
"434","eNBtRt","rs8712","MAPK8IP1P1","Whole Blood",1.1076276,0.034850746,1.01e-130
"435","C3aLKb","rs9381034","OARD1","Whole Blood",0.1665267,0.036279224,5.4e-06
"436","rG6CwS","rs9929899","RP11-1072A3.3","Whole Blood",0.17507695,0.037535746,3.82e-06
